{
    "mean": [
        0.0,
        0.0,
        0.0,
        0.0,
        0.0,
        0.0,
        0.0,
        0.0,
        0.0,
        0.0,
        0.0,
        0.0,
        0.0,
        0.0,
        0.0
    ],
    "scale": [
        0.001350000001,
        0.010000000001,
        0.10000000000100001,
        31.410000000001,
        0.050000000001,
        390.000000000001,
        10.500000000001,
        16000.000000000002,
        0.750000000001,
        15000.000000000002,
        1.000000000001,
        10.000000000001,
        15000.000000000002,
        2.0000001e-05,
        0.0010887176514718657
    ],
    "order": [
        "L_f",
        "C_f",
        "r_f",
        "w_c",
        "K_pv",
        "K_iv",
        "K_pc",
        "K_ic",
        "F",
        "Tf",
        "Ta",
        "Tv",
        "Df",
        "Da",
        "Dv"
    ]
}